name,description,price,category
Running Shorts 10,This is a wonderful accessories product: Running Shorts 10.,90.73,accessories
Cashmere Scarf 5,This is a wonderful formal wear product: Cashmere Scarf 5.,66.29,formal wear
Winter Coat 2,This is a wonderful outerwear product: Winter Coat 2.,95.64,outerwear
Leather Jacket 7,This is a wonderful outerwear product: Leather Jacket 7.,31.06,outerwear
Winter Coat 3,This is a wonderful casual wear product: Winter Coat 3.,35.6,casual wear
Cotton Silk Short Sleeve Polo 5,This is a wonderful accessories product: Cotton Silk Short Sleeve Polo 5.,43.17,accessories
Leather Belt 1,This is a wonderful outerwear product: Leather Belt 1.,42.63,outerwear
Leather Belt 10,This is a wonderful accessories product: Leather Belt 10.,59.7,accessories
Denim Jeans 3,This is a wonderful active wear product: Denim Jeans 3.,70.05,active wear
Silk Tie 5,This is a wonderful accessories product: Silk Tie 5.,13.45,accessories
Cashmere Scarf 6,This is a wonderful active wear product: Cashmere Scarf 6.,60.04,active wear
Silk Tie 8,This is a wonderful active wear product: Silk Tie 8.,17.79,active wear
Wool Blend Blazer 1,This is a wonderful outerwear product: Wool Blend Blazer 1.,27.62,outerwear
Cotton Silk Pique Short Sleeve Polo 9,This is a wonderful casual wear product: Cotton Silk Pique Short Sleeve Polo 9.,15.41,casual wear
Sports Bra 9,This is a wonderful active wear product: Sports Bra 9.,25.62,active wear
Wool Blend Blazer 6,This is a wonderful accessories product: Wool Blend Blazer 6.,69.58,accessories
Winter Coat 5,This is a wonderful casual wear product: Winter Coat 5.,44.3,casual wear
Leather Jacket 2,This is a wonderful active wear product: Leather Jacket 2.,91.34,active wear
Silk Tie 4,This is a wonderful casual wear product: Silk Tie 4.,62.74,casual wear
Wool Blend Blazer 7,This is a wonderful outerwear product: Wool Blend Blazer 7.,97.51,outerwear
Leather Jacket 3,This is a wonderful casual wear product: Leather Jacket 3.,80.91,casual wear
Sports Bra 2,This is a wonderful accessories product: Sports Bra 2.,76.0,accessories
Cotton Silk Short Sleeve Polo 1,This is a wonderful active wear product: Cotton Silk Short Sleeve Polo 1.,24.62,active wear
Linen Long Sleeve Button Down Shirt 1,This is a wonderful active wear product: Linen Long Sleeve Button Down Shirt 1.,66.38,active wear
Running Shorts 6,This is a wonderful outerwear product: Running Shorts 6.,66.17,outerwear
Wool Blend Blazer 2,This is a wonderful accessories product: Wool Blend Blazer 2.,39.85,accessories
Sports Bra 3,This is a wonderful casual wear product: Sports Bra 3.,34.02,casual wear
Denim Jeans 5,This is a wonderful active wear product: Denim Jeans 5.,45.27,active wear
Linen Long Sleeve Button Down Shirt 4,This is a wonderful casual wear product: Linen Long Sleeve Button Down Shirt 4.,24.87,casual wear
Denim Jeans 6,This is a wonderful accessories product: Denim Jeans 6.,64.58,accessories
Leather Belt 8,This is a wonderful accessories product: Leather Belt 8.,33.64,accessories
Cotton Silk Short Sleeve Polo 4,This is a wonderful formal wear product: Cotton Silk Short Sleeve Polo 4.,30.87,formal wear
Cotton Silk Pique Short Sleeve Polo 1,This is a wonderful accessories product: Cotton Silk Pique Short Sleeve Polo 1.,83.03,accessories
Cotton Silk Short Sleeve Polo 2,This is a wonderful casual wear product: Cotton Silk Short Sleeve Polo 2.,58.44,casual wear
Cotton Silk Short Sleeve Polo 10,This is a wonderful active wear product: Cotton Silk Short Sleeve Polo 10.,78.08,active wear
Leather Belt 2,This is a wonderful outerwear product: Leather Belt 2.,26.02,outerwear
Leather Jacket 4,This is a wonderful active wear product: Leather Jacket 4.,35.81,active wear
Denim Jeans 9,This is a wonderful formal wear product: Denim Jeans 9.,25.4,formal wear
Cashmere Scarf 10,This is a wonderful active wear product: Cashmere Scarf 10.,80.58,active wear
Cotton Silk Short Sleeve Polo 7,This is a wonderful formal wear product: Cotton Silk Short Sleeve Polo 7.,56.2,formal wear
Linen Long Sleeve Button Down Shirt 7,This is a wonderful outerwear product: Linen Long Sleeve Button Down Shirt 7.,74.64,outerwear
Silk Tie 9,This is a wonderful active wear product: Silk Tie 9.,78.8,active wear
Winter Coat 10,This is a wonderful casual wear product: Winter Coat 10.,82.43,casual wear
Cashmere Scarf 8,This is a wonderful casual wear product: Cashmere Scarf 8.,88.18,casual wear
Silk Tie 6,This is a wonderful formal wear product: Silk Tie 6.,35.59,formal wear
Leather Belt 5,This is a wonderful casual wear product: Leather Belt 5.,18.38,casual wear
Silk Tie 3,This is a wonderful outerwear product: Silk Tie 3.,29.24,outerwear
Wool Blend Blazer 4,This is a wonderful outerwear product: Wool Blend Blazer 4.,79.46,outerwear
Sports Bra 10,This is a wonderful formal wear product: Sports Bra 10.,69.41,formal wear
Leather Jacket 1,This is a wonderful active wear product: Leather Jacket 1.,89.46,active wear
Linen Long Sleeve Button Down Shirt 3,This is a wonderful formal wear product: Linen Long Sleeve Button Down Shirt 3.,38.92,formal wear
Running Shorts 7,This is a wonderful accessories product: Running Shorts 7.,41.41,accessories
Denim Jeans 10,This is a wonderful active wear product: Denim Jeans 10.,55.3,active wear
Cotton Silk Short Sleeve Polo 3,This is a wonderful accessories product: Cotton Silk Short Sleeve Polo 3.,70.95,accessories
Winter Coat 9,This is a wonderful casual wear product: Winter Coat 9.,32.51,casual wear
Winter Coat 6,This is a wonderful formal wear product: Winter Coat 6.,50.73,formal wear
Winter Coat 7,This is a wonderful formal wear product: Winter Coat 7.,43.4,formal wear
Cotton Silk Pique Short Sleeve Polo 5,This is a wonderful outerwear product: Cotton Silk Pique Short Sleeve Polo 5.,47.15,outerwear
Leather Belt 9,This is a wonderful formal wear product: Leather Belt 9.,34.89,formal wear
Running Shorts 9,This is a wonderful formal wear product: Running Shorts 9.,40.93,formal wear
Leather Belt 4,This is a wonderful outerwear product: Leather Belt 4.,50.48,outerwear
Cotton Silk Short Sleeve Polo 6,This is a wonderful casual wear product: Cotton Silk Short Sleeve Polo 6.,52.55,casual wear
Sports Bra 5,This is a wonderful formal wear product: Sports Bra 5.,81.52,formal wear
Leather Jacket 6,This is a wonderful formal wear product: Leather Jacket 6.,30.77,formal wear
Sports Bra 7,This is a wonderful casual wear product: Sports Bra 7.,38.81,casual wear
Cashmere Scarf 7,This is a wonderful formal wear product: Cashmere Scarf 7.,82.52,formal wear
Denim Jeans 4,This is a wonderful active wear product: Denim Jeans 4.,56.37,active wear
Leather Jacket 10,This is a wonderful casual wear product: Leather Jacket 10.,22.7,casual wear
Cotton Silk Pique Short Sleeve Polo 7,This is a wonderful accessories product: Cotton Silk Pique Short Sleeve Polo 7.,15.65,accessories
Leather Jacket 8,This is a wonderful formal wear product: Leather Jacket 8.,79.59,formal wear
Cashmere Scarf 4,This is a wonderful outerwear product: Cashmere Scarf 4.,86.08,outerwear
Running Shorts 2,This is a wonderful accessories product: Running Shorts 2.,78.87,accessories
Linen Long Sleeve Button Down Shirt 5,This is a wonderful casual wear product: Linen Long Sleeve Button Down Shirt 5.,82.02,casual wear
Cotton Silk Short Sleeve Polo 9,This is a wonderful active wear product: Cotton Silk Short Sleeve Polo 9.,64.54,active wear
Running Shorts 4,This is a wonderful casual wear product: Running Shorts 4.,48.78,casual wear
Cashmere Scarf 1,This is a wonderful casual wear product: Cashmere Scarf 1.,96.4,casual wear
Running Shorts 1,This is a wonderful formal wear product: Running Shorts 1.,70.15,formal wear
Running Shorts 5,This is a wonderful outerwear product: Running Shorts 5.,72.84,outerwear
Cotton Silk Pique Short Sleeve Polo 6,This is a wonderful casual wear product: Cotton Silk Pique Short Sleeve Polo 6.,76.02,casual wear
Cotton Silk Pique Short Sleeve Polo 10,This is a wonderful active wear product: Cotton Silk Pique Short Sleeve Polo 10.,69.9,active wear
Running Shorts 3,This is a wonderful outerwear product: Running Shorts 3.,54.19,outerwear
Leather Jacket 9,This is a wonderful casual wear product: Leather Jacket 9.,16.33,casual wear
Cotton Silk Pique Short Sleeve Polo 3,This is a wonderful outerwear product: Cotton Silk Pique Short Sleeve Polo 3.,52.66,outerwear
Denim Jeans 8,This is a wonderful casual wear product: Denim Jeans 8.,33.19,casual wear
Cotton Silk Pique Short Sleeve Polo 4,This is a wonderful outerwear product: Cotton Silk Pique Short Sleeve Polo 4.,65.23,outerwear
Leather Belt 6,This is a wonderful outerwear product: Leather Belt 6.,89.73,outerwear
Linen Long Sleeve Button Down Shirt 2,This is a wonderful accessories product: Linen Long Sleeve Button Down Shirt 2.,48.21,accessories
Cotton Silk Pique Short Sleeve Polo 2,This is a wonderful formal wear product: Cotton Silk Pique Short Sleeve Polo 2.,96.37,formal wear
Linen Long Sleeve Button Down Shirt 9,This is a wonderful active wear product: Linen Long Sleeve Button Down Shirt 9.,61.13,active wear
Silk Tie 10,This is a wonderful casual wear product: Silk Tie 10.,76.54,casual wear
Cashmere Scarf 3,This is a wonderful accessories product: Cashmere Scarf 3.,91.2,accessories
Winter Coat 8,This is a wonderful casual wear product: Winter Coat 8.,67.12,casual wear
Denim Jeans 1,This is a wonderful active wear product: Denim Jeans 1.,37.72,active wear
Leather Jacket 5,This is a wonderful outerwear product: Leather Jacket 5.,30.39,outerwear
Silk Tie 2,This is a wonderful casual wear product: Silk Tie 2.,87.53,casual wear
Cashmere Scarf 9,This is a wonderful active wear product: Cashmere Scarf 9.,89.75,active wear
Wool Blend Blazer 5,This is a wonderful casual wear product: Wool Blend Blazer 5.,15.69,casual wear
Leather Belt 3,This is a wonderful outerwear product: Leather Belt 3.,63.72,outerwear
Linen Long Sleeve Button Down Shirt 10,This is a wonderful formal wear product: Linen Long Sleeve Button Down Shirt 10.,80.95,formal wear
Leather Belt 7,This is a wonderful active wear product: Leather Belt 7.,55.73,active wear
Linen Long Sleeve Button Down Shirt 8,This is a wonderful active wear product: Linen Long Sleeve Button Down Shirt 8.,15.41,active wear
Sports Bra 8,This is a wonderful formal wear product: Sports Bra 8.,27.06,formal wear
Sports Bra 1,This is a wonderful outerwear product: Sports Bra 1.,61.64,outerwear
Wool Blend Blazer 8,This is a wonderful outerwear product: Wool Blend Blazer 8.,65.92,outerwear
Wool Blend Blazer 9,This is a wonderful outerwear product: Wool Blend Blazer 9.,45.76,outerwear
Denim Jeans 7,This is a wonderful outerwear product: Denim Jeans 7.,57.43,outerwear
Wool Blend Blazer 3,This is a wonderful formal wear product: Wool Blend Blazer 3.,94.66,formal wear
Cotton Silk Short Sleeve Polo 8,This is a wonderful accessories product: Cotton Silk Short Sleeve Polo 8.,17.91,accessories
Sports Bra 6,This is a wonderful accessories product: Sports Bra 6.,34.28,accessories
Winter Coat 4,This is a wonderful formal wear product: Winter Coat 4.,21.86,formal wear
Cashmere Scarf 2,This is a wonderful formal wear product: Cashmere Scarf 2.,16.4,formal wear
Running Shorts 8,This is a wonderful formal wear product: Running Shorts 8.,69.73,formal wear
Cotton Silk Pique Short Sleeve Polo 8,This is a wonderful outerwear product: Cotton Silk Pique Short Sleeve Polo 8.,64.18,outerwear
Silk Tie 7,This is a wonderful casual wear product: Silk Tie 7.,58.84,casual wear
Sports Bra 4,This is a wonderful casual wear product: Sports Bra 4.,12.77,casual wear
Silk Tie 1,This is a wonderful accessories product: Silk Tie 1.,45.48,accessories
Wool Blend Blazer 10,This is a wonderful formal wear product: Wool Blend Blazer 10.,99.68,formal wear
Denim Jeans 2,This is a wonderful casual wear product: Denim Jeans 2.,32.81,casual wear
Linen Long Sleeve Button Down Shirt 6,This is a wonderful active wear product: Linen Long Sleeve Button Down Shirt 6.,61.3,active wear
Winter Coat 1,This is a wonderful formal wear product: Winter Coat 1.,80.37,formal wear
